datetime,storage,elevation,outflow,inflow,evap
2015-10-01,172.648,359.89,1.74743801358624,0.69818181700608,0.00198347107104
2015-10-02,171.787,359.65,1.66413222860256,0.8528925605472,0.049586776776
2015-10-03,171.428,359.55,1.7157024764496,1.4082644604384,0.05157024784704
2015-10-04,170.639,359.33,1.6958677657392,0.94809917195712,0.041652892491839996
2015-10-05,169.814,359.1,1.66413222860256,0.87074380018656,0.03173553713664
2015-10-06,169.03,358.88,1.6066115675424,0.86082644483136,0.03768595034976
2015-10-07,168.321,358.68,1.53917355112704,0.8687603291155199,0.03768595034976
2015-10-08,167.505,358.45,1.5371900800559999,0.76165289127936,0.0396694214208
2015-10-09,166.442,358.15,1.7057851210944,0.68826446165088,0.04561983463392
2015-10-10,165.139,357.78,2.4991735495103997,1.24165289047104,0.04561983463392
2015-10-11,164.649,357.64,1.30314049367328,0.85487603161824,0.041652892491839996
2015-10-12,163.668,357.36,1.6978512368102399,0.76165289127936,0.04561983463392
2015-10-13,162.827,357.12,1.46975206364064,0.68033057736672,0.05157024784704
2015-10-14,162.026,356.89,1.4558677661433599,0.69818181700608,0.04363636356288
2015-10-15,161.507,356.74,1.2317355351158399,0.75570247806624,0.04363636356288
2015-10-16,160.504,356.45,1.52132231148768,0.5553718998912,0.03768595034976
2015-10-17,160.227,356.37,1.34677685723616,1.08297520478784,0.013884297497279999
2015-10-18,159.743,356.23,1.24760330368416,0.78148760198976,0.01785123963936
2015-10-19,159.051,356.03,1.2495867747551999,0.58710743702784,0.0297520660656
2015-10-20,158.298,355.81,1.3328925597388799,0.62082644523552,0.041652892491839996
2015-10-21,157.239,355.5,1.5352066089849599,0.50975206525728,0.03371900820768
2015-10-22,156.145,355.18,1.55107437755328,0.49586776775999997,0.0396694214208
2015-10-23,154.355,354.65,2.26314049205664,0.50181818097312,0.027768594994559997
2015-10-24,154.12,354.58,1.21388429547648,1.00958677515936,0.0297520660656
2015-10-25,153.448,354.38,1.26545454332352,0.62677685844864,0.03371900820768
2015-10-26,152.609,354.13,1.27735536974976,0.46809917276544,0.0297520660656
2015-10-27,151.647,353.84,1.4340495843619199,0.5038016520441599,0.03173553713664
2015-10-28,151.089,353.67,1.03735537015392,0.49785123883104,0.01785123963936
2015-10-29,150.071,353.36,1.48760330328,0.50975206525728,0.0396694214208
2015-10-30,149.25,353.11,1.2694214854656,0.47999999919167996,0.03173553713664
2015-10-31,148.247,352.8,1.91008264141152,0.93619834553088,0.0297520660656
2015-11-01,146.772,352.34,1.99537189746624,0.51966942061248,0.0
2015-11-02,145.493,351.94,1.96760330247168,0.7041322302192,0.01586776856832
2015-11-03,145.055,351.8,1.2396694194,0.81520661019744,0.013884297497279999
2015-11-04,144.021,351.47,1.7573553689414398,0.75173553592416,0.027768594994559997
2015-11-05,143.426,351.28,1.26148760118144,0.68231404843776,0.01586776856832
2015-11-06,143.05,351.16,1.12661156835072,0.76561983342144,0.01586776856832
2015-11-07,143.363,351.26,0.8191735523395199,1.1504132212031999,0.01785123963936
2015-11-08,143.238,351.22,0.83107437876576,0.7061157012902399,0.0
2015-11-09,143.207,351.21,0.81520661019744,0.7834710730608,0.0
2015-11-10,142.8,351.08,1.1999999979792,0.80132231270016,0.00793388428416
2015-11-11,142.121,350.86,1.42214875793568,0.7576859491372799,0.013884297497279999
2015-11-12,141.449,350.64,1.29520660938912,0.6347107427328,0.01190082642624
2015-11-13,140.593,350.36,1.4776859479248,0.63272727166176,0.01190082642624
2015-11-14,140.41,350.3,1.3090909068864,1.13851239477696,0.01190082642624
2015-11-15,140.501,350.33,0.80132231270016,0.892561981968,0.0
2015-11-16,139.982,350.16,1.28528925403392,0.7973553705580799,0.03173553713664
2015-11-17,139.433,349.98,1.6165289228975999,1.07504132050368,0.00793388428416
2015-11-18,139.194,349.9,1.3090909068864,1.08297520478784,0.01190082642624
2015-11-19,139.074,349.86,1.2495867747551999,1.140495865848,0.0099173553552
2015-11-20,138.865,349.79,1.3785123943728,1.1801652872688,0.0099173553552
2015-11-21,138.895,349.8,1.44198346864608,1.48561983220896,0.013884297497279999
2015-11-22,138.775,349.76,1.20793388226336,1.10280991549824,0.013884297497279999
2015-11-23,138.386,349.63,1.289256196176,0.9104132216073599,0.0099173553552
2015-11-24,138.057,349.52,1.3130578490284799,0.98776859337792,0.00396694214208
2015-11-25,137.668,349.39,1.28528925403392,0.90446280839424,0.00793388428416
2015-11-26,137.369,349.29,1.26743801439456,0.97983470909376,0.01190082642624
2015-11-27,137.069,349.19,1.3507437993782399,1.0690909072905599,0.01785123963936
2015-11-28,137.309,349.27,1.24363636154208,1.4975206586352,0.013884297497279999
2015-11-29,137.069,349.19,1.12462809727968,0.89652892411008,0.01190082642624
2015-11-30,136.98,349.16,1.29322313831808,1.21388429547648,0.0099173553552
2015-12-01,136.472,348.99,1.52925619577184,1.02942148586976,0.00793388428416
2015-12-02,136.061,348.85,1.40429751829632,0.99966941980416,0.00595041321312
2015-12-03,135.679,348.72,1.289256196176,0.90644627946528,0.0
2015-12-04,135.561,348.68,1.32694214652576,1.21388429547648,0.00396694214208
2015-12-05,136.561,349.02,0.75173553592416,1.7593388400124799,0.00793388428416
2015-12-06,136.561,349.02,1.11272727085344,1.11272727085344,0.0
2015-12-07,136.149,348.88,1.4122314025804799,1.00363636194624,0.00396694214208
2015-12-08,136.237,348.91,1.03735537015392,1.1285950394217599,0.00396694214208
2015-12-09,136.178,348.89,1.12462809727968,1.07504132050368,0.0099173553552
2015-12-10,135.943,348.81,1.61256198075552,1.42016528686464,0.041652892491839996
2015-12-11,139.646,350.05,0.88661156875488,4.5937190005286395,0.00396694214208
2015-12-12,141.357,350.61,1.3309090886678399,3.05057850725952,0.00793388428416
2015-12-13,142.612,351.02,0.94611570088608,2.2016528888544,0.0
2015-12-14,144.522,351.63,1.2297520640447999,3.1517355318825597,0.01190082642624
2015-12-15,145.43,351.92,1.1900826426239999,2.11636363279968,0.01785123963936
2015-12-16,145.938,352.08,1.16429751870048,1.6799999971708799,0.00793388428416
2015-12-17,146.194,352.16,1.24760330368416,1.50942148506144,0.00595041321312
2015-12-18,147.093,352.44,0.9104132216073599,1.80892561678848,0.0
2015-12-19,148.376,352.84,1.23768594832896,2.58644627663616,0.06545454534431999
2015-12-20,148.922,353.01,1.17223140298464,1.7176859475206399,0.0
2015-12-21,151.778,353.88,0.96595041159648,3.83404958032032,0.01190082642624
2015-12-22,186.249,363.53,1.01553718837248,35.512066055900156,0.02578512392352
2015-12-23,206.553,368.52,1.2495867747551999,21.56628095541792,0.013884297497279999
2015-12-24,215.516,370.57,1.0214876015856,10.01057849553888,0.02578512392352
2015-12-25,220.333,371.64,1.40033057615424,6.2300826341366395,0.01190082642624
2015-12-26,224.274,372.5,0.92429751910464,4.87735536368736,0.01190082642624
2015-12-27,227.427,373.18,0.77950413091872,3.94314048922752,0.0099173553552
2015-12-28,230.574,373.85,1.22181817976064,4.3735537116432,0.00396694214208
2015-12-29,233.143,374.39,1.31504132009952,3.89355371245152,0.0099173553552
2015-12-30,236.835,375.16,1.0869421469299199,4.78809916549056,0.0099173553552
2015-12-31,239.069,375.62,1.2317355351158399,3.4809917296751998,0.01586776856832
2016-01-01,240.768,375.97,1.26148760118144,2.96727272227584,0.00595041321312
2016-01-02,242.887,376.4,1.11669421299552,3.24495867222144,0.0099173553552
2016-01-03,243.331,376.49,1.44595041078816,1.9001652860563198,0.0099173553552
2016-01-04,244.564,376.74,1.72165288966272,2.95933883799168,0.00396694214208
2016-01-05,248.25,377.48,0.97983470909376,4.66512395908608,0.0
2016-01-06,251.667,378.16,1.64826446003424,5.07173552864928,0.00595041321312
2016-01-07,255.225,378.86,1.24760330368416,4.82578511584032,0.0198347107104
2016-01-08,258.774,379.55,0.78148760198976,4.3438016455776,0.013884297497279999
2016-01-09,262.037,380.18,0.88661156875488,4.15338842275776,0.00396694214208
2016-01-10,265.018,380.75,1.03338842801184,4.02049586099808,0.00595041321312
2016-01-11,267.439,381.21,1.61454545182656,4.05024792706368,0.013884297497279999
2016-01-12,269.825,381.66,1.15438016334528,3.5543801593036797,0.013884297497279999
2016-01-13,272.004,382.07,0.9123966926784,3.09223139975136,0.0
2016-01-14,275.066,382.64,1.11867768406656,4.18115701775232,0.0
2016-01-15,280.592,383.66,0.64264462701696,6.17256197307648,0.00396694214208
2016-01-16,286.797,384.79,0.69024793272192,6.90446279829024,0.0099173553552
2016-01-17,293.993,386.08,1.02347107265664,8.292892548018239,0.07338842962848
2016-01-18,311.439,389.12,1.23371900618688,18.71206608419136,0.03173553713664
2016-01-19,326.903,391.72,0.83702479197888,16.3041322039488,0.00396694214208
2016-01-20,342.548,394.27,0.9699173537385599,16.62347104638624,0.00793388428416
2016-01-21,352.415,395.84,1.55900826183744,11.44859502204288,0.02181818178144
2016-01-22,360.85,397.16,0.61685950309344,9.074380150008,0.02181818178144
2016-01-23,374.855,399.31,0.8905785108969599,14.895867743510399,0.0
2016-01-24,388.656,401.38,1.60462809647136,15.41950410626496,0.013884297497279999
2016-01-25,398.523,402.83,1.5471074354112,11.43272725347456,0.01785123963936
2016-01-26,405.982,403.91,1.7375206582310398,9.21123965390976,0.013884297497279999
2016-01-27,412.065,404.78,2.53685949986016,8.6479338697344,0.027768594994559997
2016-01-28,418.207,405.65,1.49950412970624,7.65223139207232,0.0099173553552
2016-01-29,428.716,407.12,1.48561983220896,11.99404956657888,0.0
2016-01-30,499.707,416.49,1.03933884122496,72.04561971338592,0.01586776856832
2016-01-31,528.563,420.07,1.0710743783616,29.954380114846078,0.027768594994559997
2016-02-01,545.444,422.11,2.04099173210016,18.99371897627904,0.07140495855744
2016-02-02,558.062,423.61,1.91801652569568,14.53487600858112,0.0
2016-02-03,568.613,424.85,1.6978512368102399,12.26578510331136,0.01785123963936
2016-02-04,577.037,425.83,2.0033057817504,10.45487601545184,0.027768594994559997
2016-02-05,584.489,426.69,2.7471074333903998,10.19900824728768,0.0
2016-02-06,591.029,427.44,2.79074379695328,9.365950397450879,0.03570247927872
2016-02-07,595.93,428.0,3.61388429143488,8.544793374040319,0.0297520660656
2016-02-08,600.254,428.49,4.5322313973264,8.89190081147232,0.03570247927872
2016-02-09,605.555,429.09,2.8304132183740798,8.18578511018208,0.05355371891808
2016-02-10,606.8,429.23,6.0892561880928,7.37652891319776,0.041652892491839996
2016-02-11,608.312,429.4,6.13090908058464,7.678016515995839,0.03570247927872
2016-02-12,610.27,429.62,5.50809916427808,7.537190069952,0.07140495855744
2016-02-13,611.871,429.8,5.70842974245312,7.3685950289135995,0.0595041321312
2016-02-14,612.138,429.83,6.50181817086912,6.8528925504432,0.08330578498367999
2016-02-15,613.205,429.95,5.63702478389568,6.73983469939392,0.03570247927872
2016-02-16,615.623,430.22,5.4922313957097595,7.95768593701248,0.04760330570496
2016-02-17,618.581,430.55,6.2380165184208,9.25487601747264,0.0595041321312
2016-02-18,625.327,431.3,5.2462809829007995,12.0099173351472,0.01785123963936
2016-02-19,629.121,431.72,6.53157023693472,10.34975204868672,0.02380165285248
2016-02-20,630.838,431.91,6.5652892451424,8.31272725872864,0.0297520660656
2016-02-21,632.652,432.11,5.7123966845952,7.57487602030176,0.04760330570496
2016-02-22,633.927,432.25,6.6842975094048,8.02512395342784,0.06545454534431999
2016-02-23,627.947,431.59,13.84066113371712,7.90214874702336,0.041652892491839996
2016-02-24,622.616,431.0,13.676033034820799,8.40396692799648,0.0595041321312
2016-02-25,616.34,430.3,13.424132208798719,7.2079338721593595,0.0595041321312
2016-02-26,611.604,429.77,10.813884279310079,6.13090908058464,0.05355371891808
2016-02-27,608.846,429.46,9.114049571428799,6.41057850160128,0.05355371891808
2016-02-28,605.644,429.1,9.106115687144639,5.94644627097792,0.041652892491839996
2016-02-29,605.555,429.09,7.47570246674976,7.45586775603936,0.0694214874864
2016-03-01,605.822,429.12,6.52165288157952,6.85487602151424,0.06545454534431999
2016-03-02,606.177,429.16,5.95834709740416,6.382809906606719,0.0694214874864
2016-03-03,608.49,429.42,5.976198337043519,8.330578498368,0.041652892491839996
2016-03-04,611.159,429.72,6.9619834593503995,9.63173552097024,0.0
2016-03-05,623.429,431.09,7.679999987066879,19.94975203252032,0.0
2016-03-06,666.518,435.79,8.34644626693632,51.435371814209276,0.0
2016-03-07,697.938,439.12,14.20958675293056,45.6297519892752,0.0
2016-03-08,699.565,439.29,23.78380161284064,25.42214871751968,0.01190082642624
2016-03-09,689.09,438.19,28.84760325720576,18.398677654967038,0.02578512392352
2016-03-10,677.658,436.98,29.43867763637568,18.00595038290112,0.0
2016-03-11,670.628,436.23,30.347107386912,23.31768591114624,0.0
2016-03-12,664.191,435.54,35.7818181215616,29.345454496036798,0.0
2016-03-13,673.159,436.5,38.53090902602304,47.51008256462112,0.01190082642624
2016-03-14,698.99,439.23,38.05685944004448,63.89950402462464,0.01190082642624
2016-03-15,696.98,439.02,37.945785060066235,35.936528865102716,0.0
2016-03-16,686.906,437.96,35.157024734184,25.082975164371838,0.0
2016-03-17,675.595,436.76,32.70942143252064,21.471074344008,0.07338842962848
2016-03-18,661.306,435.23,32.02710738408288,17.879008234354558,0.14082644604384
2016-03-19,650.017,434.01,28.16727267983904,16.95272724417888,0.07338842962848
2016-03-20,643.505,433.3,23.375206572206398,16.89322311204768,0.0297520660656
2016-03-21,646.44,433.62,20.4694214531328,23.42280987791136,0.01785123963936
2016-03-22,652.143,434.24,18.86677682773248,24.61090904946432,0.041652892491839996
2016-03-23,656.578,434.72,15.59404956051648,20.09652889177728,0.06743801641536
2016-03-24,660.747,435.17,13.765289233017599,18.00198344075904,0.06743801641536
2016-03-25,666.331,435.77,12.68628097037184,18.35504129140416,0.08528925605472
2016-03-26,672.315,436.41,11.03999998140864,17.024132202736318,0.0
2016-03-27,675.783,436.78,12.02380163264448,15.56429749445088,0.07338842962848
2016-03-28,680.205,437.25,11.74413221162784,16.276363608954238,0.11107437997823999
2016-03-29,684.358,437.69,10.37157023046816,14.60628096713856,0.08132231391264
2016-03-30,686.718,437.94,10.399338825462719,12.8528925403392,0.09322314033888
2016-03-31,691.371,438.43,7.6919008134931195,12.38280989650272,0.03768595034976
2016-04-01,695.268,438.84,7.5074380038864,11.454545435256,0.049586776776
2016-04-02,700.617,439.4,6.84892560830112,12.23603303724576,0.03768595034976
2016-04-03,707.902,440.16,5.972231394901439,13.3090908866784,0.05157024784704
2016-04-04,711.948,440.58,7.8585123834604795,11.956363616229119,0.05157024784704
2016-04-05,718.807,441.29,5.8214875935023995,12.73190080500576,0.05157024784704
2016-04-06,725.013,441.93,7.1801652771648,13.44396691950912,0.057520661060159996
2016-04-07,730.473,442.49,6.7973553604540795,12.33520659079776,0.07735537177056
2016-04-08,736.923,443.15,7.4459504006841595,13.96165286905056,0.06545454534431999
2016-04-09,743.306,443.8,7.090909078968,13.51933882020864,0.04561983463392
2016-04-10,752.188,444.7,6.12495866737152,15.02082642098592,0.013884297497279999
2016-04-11,759.33,445.42,7.2991735414272,14.461487578952639,0.0198347107104
2016-04-12,766.6,446.15,6.48198346015872,13.79702477015424,0.04561983463392
2016-04-13,772.006,446.69,6.543471063360959,11.99404956657888,0.04561983463392
2016-04-14,776.419,447.13,6.66842974083648,11.1272727085344,0.04561983463392
2016-04-15,780.45,447.53,6.96595040149248,11.04198345247968,0.04561983463392
2016-04-16,783.271,447.81,7.140495855744,10.02049585089408,0.0595041321312
2016-04-17,785.592,448.04,7.09884296325216,9.48694213278432,0.06743801641536
2016-04-18,788.736,448.35,7.16231403752544,10.3735537015392,0.06743801641536
2016-04-19,792.995,448.77,6.460165278377279,10.805950395025919,0.08727272712576
2016-04-20,797.574,449.22,6.04165288238784,10.70876031254496,0.08727272712576
2016-04-21,800.636,449.52,7.4181818056896,10.56793386650112,0.08727272712576
2016-04-22,807.281,450.17,6.53950412121888,13.245619812405119,0.06148760320224
2016-04-23,812.108,450.64,6.545454534431999,11.39305783205376,0.0198347107104
2016-04-24,816.425,451.06,6.02578511381952,10.36958675939712,0.027768594994559997
2016-04-25,820.558,451.46,6.43041321231168,10.59768593256672,0.03371900820768
2016-04-26,825.62,451.95,7.30314048356928,12.432396673278719,0.06743801641536
2016-04-27,825.724,451.96,6.8747107322246395,7.07305783932864,0.09520661140992
2016-04-28,825.724,451.96,6.3907437908908795,6.58115701371072,0.19041322281984
2016-04-29,825.62,451.95,7.07305783932864,7.17421486395168,0.20429752031712
2016-04-30,826.449,452.03,7.1226446161046395,8.15603304411648,0.20429752031712
2016-05-01,828.111,452.19,6.347107427328,8.21355370517664,0.20429752031712
2016-05-02,829.878,452.36,7.57487602030176,9.48495866171328,0.14280991711488
2016-05-03,832.788,452.64,6.82710742651968,9.845950396642559,0.1090909089072
2016-05-04,835.594,452.91,7.22181816965664,10.13752064408544,0.1090909089072
2016-05-05,835.49,452.9,8.15603304411648,8.05884296163552,0.00595041321312
2016-05-06,837.052,453.05,9.06842973679488,10.643305767200639,0.013884297497279999
2016-05-07,838.724,453.21,9.47702477742912,11.16892560102624,0.0198347107104
2016-05-08,838.619,453.2,9.8776859337792,9.80628097522176,0.03371900820768
2016-05-09,837.888,453.13,9.52264461206304,8.89983469575648,0.1090909089072
2016-05-10,838.41,453.18,9.48297519064224,10.1553718837248,0.15074380139904
2016-05-11,838.828,453.22,9.63371899204128,10.23074378442432,0.1785123963936
2016-05-12,839.665,453.3,8.87999998504608,9.87570246270816,0.1586776856832
2016-05-13,840.396,453.37,9.12595039785504,10.0561983301728,0.198347107104
2016-05-14,840.187,453.35,9.19735535641248,9.15966940606272,0.17057851210944
2016-05-15,840.814,453.41,9.17950411677312,9.9570247766208,0.15074380139904
2016-05-16,841.755,453.5,9.94314047912352,11.08958675818464,0.20628099138816
2016-05-17,842.8,453.6,9.601983454904639,10.86743799822816,0.22016528888543999
2016-05-18,843.427,453.66,10.46876031294912,11.28793386528864,0.19239669389088
2016-05-19,843.741,453.69,10.21685948692704,10.7504132050368,0.22016528888543999
2016-05-20,844.159,453.73,10.45487601545184,10.90115700643584,0.027768594994559997
2016-05-21,844.054,453.72,10.6413222961296,10.55603304007488,0.0198347107104
2016-05-22,843.323,453.65,11.02016527069824,10.3834710568944,0.09520661140992
2016-05-23,841.755,453.5,10.29818180083968,8.82446279505696,0.09520661140992
2016-05-24,839.037,453.24,11.02214874176928,8.47537188655392,0.17057851210944
2016-05-25,835.698,452.92,10.79801651074176,7.6105784995804795,0.15074380139904
2016-05-26,834.035,452.76,9.69719006631456,8.1917355233952,0.15669421461216
2016-05-27,832.476,452.61,8.50115701047744,7.13256197145984,0.19041322281984
2016-05-28,830.606,452.43,8.7173553572208,7.0452892443340795,0.198347107104
2016-05-29,829.255,452.3,7.95768593701248,6.80528924473824,0.198347107104
2016-05-30,826.034,451.99,9.74677684309056,6.72198345975456,0.19636363603296
2016-05-31,826.034,451.99,7.95768593701248,8.18181816804,0.22413223102752
2016-06-01,824.587,451.85,9.02280990216096,7.83272725953696,0.2578512392352
2016-06-02,822.831,451.68,8.951404943603519,7.40033056605024,0.20429752031712
2016-06-03,821.591,451.56,8.60429750617152,7.6085950285094395,0.24396694173792
2016-06-04,820.248,451.43,8.67570246472896,7.515371888170559,0.18247933853568
2016-06-05,819.318,451.34,8.048925606280319,7.34280990499008,0.22413223102752
2016-06-06,817.561,451.17,9.276694199254079,7.7771900695478395,0.2578512392352
2016-06-07,814.778,450.9,8.5884297376032,6.02181817167744,0.21619834674336
2016-06-08,810.875,450.52,8.82247932398592,5.13520660292256,0.21619834674336
2016-06-09,809.232,450.36,8.34247932479424,6.91636362471648,0.21619834674336
2016-06-10,808.205,450.26,8.81057849755968,7.99933882950432,0.21619834674336
2016-06-11,806.459,450.09,8.93157023289312,7.38049585533984,0.19438016496191998
2016-06-12,803.392,449.79,8.30876031658656,5.43669420572064,0.19438016496191998
2016-06-13,798.288,449.29,8.96925618324288,4.0264462742111995,0.16066115675424
2016-06-14,794.01,448.87,8.5388429608272,4.38743800914048,0.12694214854656
2016-06-15,789.953,448.47,9.05652891036864,5.1669421400591995,0.16661156996735998
2016-06-16,785.997,448.08,8.45355370477248,4.64528924837568,0.14677685925696
2016-06-17,780.954,447.58,8.97322312538496,4.08396693527136,0.15272727247008
2016-06-18,775.714,447.06,8.81454543970176,3.77256197711808,0.198347107104
2016-06-19,770.904,446.58,8.63206610116608,4.0264462742111995,0.20429752031712
2016-06-20,765.899,446.08,8.455537175843519,3.67537189463712,0.22413223102752
2016-06-21,761.12,445.6,8.75900824971264,4.23669420774144,0.25586776816416
2016-06-22,756.545,445.14,8.5685950268928,4.26049586059392,0.2677685945904
2016-06-23,751.2,444.6,8.459504117985599,3.36793387862592,0.25388429709312
2016-06-24,744.583,443.93,9.203305769625599,2.81454544980576,0.2280991731696
2016-06-25,739.673,443.43,8.55669420046656,3.8876032992383998,0.23999999959583998
2016-06-26,735.157,442.97,8.8859503982592,4.6413223062336,0.27173553673247997
2016-06-27,731.059,442.55,8.64595039866336,4.81190081834304,0.26380165244832
2016-06-28,727.058,442.14,8.2016528787504,4.46479338091104,0.26380165244832
2016-06-29,721.231,441.54,8.92760329075104,3.35008263898656,0.24991735495104
2016-06-30,715.224,440.92,9.01090907573472,3.21520660615584,0.21024793353024
2016-07-01,710.118,440.39,9.24099171997536,4.363636356288,0.2280991731696
2016-07-02,704.35,439.79,9.62776857882816,4.09983470383968,0.23999999959583998
2016-07-03,697.938,439.12,9.78446279344032,3.61190082036384,0.23999999959583998
2016-07-04,691.561,438.45,9.95900824769184,3.82016528282304,0.2380165285248
2016-07-05,684.358,437.69,10.399338825462719,3.40363635790464,0.20628099138816
2016-07-06,677.564,436.97,9.41553717422688,2.82049586301888,0.198347107104
2016-07-07,669.316,436.09,11.639008244862719,3.58809916751136,0.19636363603296
2016-07-08,661.585,435.26,10.79206609752864,3.24495867222144,0.18446280960671999
2016-07-09,655.469,434.6,10.64925618041376,4.74247933085664,0.2082644624592
2016-07-10,648.183,433.81,10.82380163466528,3.73289255569728,0.19438016496191998
2016-07-11,639.844,432.9,10.86148758501504,2.72132230946688,0.198347107104
2016-07-12,632.47,432.09,10.325950395834239,3.1497520608115197,0.198347107104
2016-07-13,624.513,431.21,10.75239667610784,2.9910743751283198,0.19636363603296
2016-07-14,617.685,430.45,10.51438014758304,3.91140495209088,0.22413223102752
2016-07-15,610.714,429.67,10.28628097441344,3.5226446221670398,0.20628099138816
2016-07-16,602.813,428.78,11.17884295638144,3.4770247875331197,0.198347107104
2016-07-17,594.53,427.84,11.02413221284032,2.93950412728128,0.198347107104
2016-07-18,586.138,426.88,10.02842973517824,1.8148760300016,0.1785123963936
2016-07-19,578.07,425.95,11.0181817996272,3.12198346581696,0.17256198318048
2016-07-20,570.065,425.02,10.88330576679648,3.04264462297536,0.16462809889632
2016-07-21,562.299,424.11,10.7008264282608,3.1438016475984,0.2082644624592
2016-07-22,554.002,423.13,10.98247932034848,2.85421487122656,0.1685950410384
2016-07-23,546.282,422.21,10.8793388246544,3.371900820768,0.21223140460127998
2016-07-24,538.21,421.24,11.0280991549824,3.1537190029535997,0.198347107104
2016-07-25,530.291,420.28,10.93090907250144,3.20528925080064,0.19239669389088
2016-07-26,522.524,419.33,10.500495850085759,2.92363635871296,0.19041322281984
2016-07-27,514.987,418.4,10.51438014758304,3.16561982937984,0.1884297517488
2016-07-28,507.193,417.43,10.93090907250144,3.33619834148928,0.198347107104
2016-07-29,499.469,416.46,10.84165287430464,3.35008263898656,0.23206611531168
2016-07-30,491.502,415.45,11.37322312134336,3.6416528864294397,0.23603305745376
2016-07-31,484.623,414.57,10.171239652293119,3.4909090850304,0.198347107104
2016-08-01,476.798,413.56,10.67900824647936,3.01884297012288,0.16462809889632
2016-08-02,469.125,412.56,10.63338841184544,3.1080991683196797,0.14677685925696
2016-08-03,462.736,411.72,9.39371899244544,3.18743801116128,0.18247933853568
2016-08-04,455.426,410.75,10.2942148586976,3.16561982937984,0.18049586746464
2016-08-05,448.704,409.85,9.48297519064224,2.88396693729216,0.12297520640448
2016-08-06,441.313,408.85,10.333884280118399,2.94347106942336,0.0
2016-08-07,434.872,407.97,9.32628097603008,3.01685949905184,0.13090909068863998
2016-08-08,427.992,407.02,9.55636362027072,2.8244628051609597,0.14876033032799998
2016-08-09,421.043,406.05,9.74280990094848,2.92760330085504,0.13289256175968
2016-08-10,414.596,405.14,9.00694213359264,2.68363635911712,0.12297520640448
2016-08-11,408.215,404.23,9.18148758784416,2.9355371851392,0.13487603283072
2016-08-12,401.762,403.3,9.37785122387712,3.0644628047568,0.1388429749728
2016-08-13,396.814,402.58,8.1223140359088,3.32429751506304,0.15074380139904
2016-08-14,391.968,401.87,8.2611570108816,3.56628098572992,0.15074380139904
2016-08-15,384.886,400.82,10.06413221445696,3.13190082117216,0.14876033032799998
2016-08-16,378.948,399.93,8.9851239518112,3.17950412687712,0.13289256175968
2016-08-17,373.864,399.16,8.1024793251984,3.1636363583088,0.14479338818592
2016-08-18,371.371,398.78,5.79371899850784,3.44528925039648,0.14479338818592
2016-08-19,368.105,398.28,6.28363635305472,3.16958677152192,0.15272727247008
2016-08-20,365.501,397.88,5.75404957708704,3.28462809364224,0.13487603283072
2016-08-21,363.046,397.5,5.1689256111302395,2.85223140015552,0.1388429749728
2016-08-22,360.85,397.16,4.58776858731552,2.5090909048656,0.11702479319136
2016-08-23,359.369,396.93,4.1851239598943994,2.8363636315872,0.13289256175968
2016-08-24,357.58,396.65,4.54809916589472,2.86214875551072,0.10314049569408
2016-08-25,355.343,396.3,5.15305784256192,3.0347107386912,0.1190082642624
2016-08-26,353.554,396.02,4.115702472408,2.42776859095296,0.10115702462303999
2016-08-27,352.036,395.78,4.0859504063424,2.6578512351936,0.0892561981968
2016-08-28,350.014,395.46,4.2247933813152,2.2968595002643197,0.09322314033888
2016-08-29,348.435,395.21,4.37157024057216,2.88991735050528,0.09719008248095999
2016-08-30,347.424,395.05,4.2247933813152,3.32628098613408,0.11305785104928
2016-08-31,346.733,394.94,4.29818181094368,3.73289255569728,0.12495867747552
2016-09-01,345.921,394.81,4.00066115028768,3.28462809364224,0.09520661140992
2016-09-02,344.922,394.65,3.9292561917302398,3.024793383336,0.09520661140992
2016-09-03,343.86,394.48,4.1890909020364795,3.25685949864768,0.1289256196176
2016-09-04,343.11,394.36,3.79239668782848,3.13785123438528,0.09520661140992
2016-09-05,341.611,394.12,4.561983463392,3.173553713664,0.11107437997823999
2016-09-06,340.059,393.87,3.86380164638592,2.42380164881088,0.11107437997823999
2016-09-07,338.701,393.65,3.421487597544,2.18578512028608,0.12297520640448
2016-09-08,337.528,393.46,3.6099173492928,2.55272726842848,0.11504132212031999
2016-09-09,336.787,393.34,3.66743801035296,3.02280991226496,0.09719008248095999
2016-09-10,336.17,393.24,3.63173553107424,3.12595040795904,0.11107437997823999
2016-09-11,334.628,392.99,4.10181817491072,2.66975206161984,0.1090909089072
2016-09-12,332.798,392.69,3.40760330004672,1.66214875753152,0.08528925605472
2016-09-13,330.969,392.39,3.14776858974048,1.3923966918700799,0.07338842962848
2016-09-14,329.932,392.22,2.80462809445056,1.8446280960672,0.07735537177056
2016-09-15,328.834,392.04,3.38380164719424,2.3702479298928,0.08528925605472
2016-09-16,327.505,391.82,3.77057850604704,2.528925615576,0.08727272712576
2016-09-17,326.3,391.62,3.4373553661123197,2.32661156632992,0.09520661140992
2016-09-18,324.794,391.37,3.62181817571904,2.23537189706208,0.1190082642624
2016-09-19,322.865,391.05,3.78446280354432,1.9814875999689598,0.12694214854656
2016-09-20,321.612,390.84,3.7666115639049598,2.63999999555424,0.12694214854656
2016-09-21,319.648,390.51,3.6813223078502397,1.8247933853568,0.10710743783616
2016-09-22,318.577,390.33,3.45322313468064,2.45752065701856,0.07537190069952
2016-09-23,316.613,390.0,3.74677685319456,1.8644628067776,0.08132231391264
2016-09-24,314.908,389.71,3.7884297456864,2.16793388064672,0.08528925605472
2016-09-25,313.38,389.45,3.70115701856064,2.2512396656304,0.07735537177056
2016-09-26,311.616,389.15,3.7586776796207997,2.0925619799471997,0.09719008248095999
2016-09-27,310.502,388.96,3.7586776796207997,2.7371900780352,0.09322314033888
2016-09-28,308.876,388.68,3.8280991671072,2.30479338454848,0.10314049569408
2016-09-29,307.773,388.49,3.46909090324896,2.46545454130272,0.099173553552
2016-09-30,305.974,388.18,3.85190081995968,2.14413222779424,0.09123966926784
2016-10-01,304.127,387.86,3.8380165224624,2.05884297173952,0.06743801641536
2016-10-02,303.382,387.73,3.7249586714131198,3.024793383336,0.04561983463392
2016-10-03,302.006,387.49,3.42545453968608,2.06876032709472,0.0198347107104
2016-10-04,300.631,387.25,3.62776858893216,2.2988429713353598,0.04561983463392
2016-10-05,299.714,387.09,2.14016528565216,1.2793388408208,0.055537189989119995
2016-10-06,298.406,386.86,2.49520660736832,1.2515702458262399,0.06347107427328
2016-10-07,298.066,386.8,2.57256197913888,2.2968595002643197,0.06347107427328
2016-10-08,297.274,386.66,2.43570247523712,1.7196694185916799,0.07537190069952
2016-10-09,296.426,386.51,2.43768594630816,1.67008264181568,0.08132231391264
2016-10-10,295.52,386.35,2.5011570205814397,1.6581818153894399,0.06347107427328
2016-10-11,293.823,386.05,2.776859499456,1.13851239477696,0.0595041321312
2016-10-12,293.037,385.91,2.57652892128096,1.834710740712,0.04363636356288
2016-10-13,292.311,385.78,2.2710743763408,1.60066115432928,0.055537189989119995
2016-10-14,292.87,385.88,2.4614875991606397,3.02082644119392,0.0
2016-10-15,293.372,385.97,2.21355371528064,2.71537189625376,0.0
2016-10-16,297.84,386.76,1.5947107411161598,6.0634710641692795,0.0
2016-10-17,310.676,388.99,1.8743801621328,14.8363636113792,0.12694214854656
2016-10-18,315.496,389.81,2.1719008227888,7.0452892443340795,0.05355371891808
2016-10-19,316.084,389.91,2.16595040957568,2.79272726802432,0.0396694214208
2016-10-20,316.378,389.96,2.16595040957568,2.51107437593664,0.05157024784704
2016-10-21,317.446,390.14,2.03107437674496,3.14181817652736,0.04363636356288
2016-10-22,318.993,390.4,2.0112396660345597,3.57421487001408,0.01586776856832
2016-10-23,319.767,390.53,2.18975206242816,2.99900825941248,0.03570247927872
2016-10-24,319.291,390.45,2.39603305381632,1.95173553390336,0.03173553713664
2016-10-25,319.053,390.41,2.32661156632992,2.08859503780512,0.0
2016-10-26,319.886,390.55,1.87239669106176,2.72925619375104,0.02380165285248
2016-10-27,321.433,390.81,2.32661156632992,3.87371900174112,0.0
2016-10-28,328.773,392.03,1.87834710427488,9.21917353819392,0.0
2016-10-29,337.713,393.49,2.23338842599104,11.18479336959456,0.01190082642624
2016-10-30,343.172,394.37,2.280991731696,7.73950411919808,0.0
2016-10-31,353.554,396.02,2.1421487567232,12.52363634254656,0.0
2016-11-01,361.431,397.25,1.9735537156848,9.849917338784639,0.0
2016-11-02,367.19,398.14,2.30280991347744,8.08661155663008,0.02578512392352
2016-11-03,371.306,398.77,2.10644627744448,6.25190081591808,0.0297520660656
2016-11-04,373.138,399.05,2.61619834270176,4.48462809162144,0.03570247927872
2016-11-05,374.392,399.24,2.61421487163072,3.89355371245152,0.02578512392352
2016-11-06,376.175,399.51,2.42380164881088,4.20694214167584,0.0
2016-11-07,377.892,399.77,2.51305784700768,4.25652891845184,0.02578512392352
2016-11-08,379.278,399.98,2.47140495451584,3.8836363570963197,0.02578512392352
2016-11-09,380.545,400.17,2.28297520276704,3.5504132171616,0.0
2016-11-10,381.881,400.37,2.33256197954304,3.669421481424,0.0
2016-11-11,382.081,400.4,2.44760330166336,2.68363635911712,0.03570247927872
2016-11-12,383.15,400.56,2.4178512355977597,3.4909090850304,0.00396694214208
2016-11-13,384.619,400.78,2.53090908664704,4.00066115028768,0.0
2016-11-14,385.42,400.9,2.48528925201312,3.3183471018499198,0.03173553713664
2016-11-15,386.426,401.05,2.45553718594752,3.48892561395936,0.027768594994559997
2016-11-16,388.183,401.31,2.55471073949952,4.3537190009327995,0.041652892491839996
2016-11-17,390.076,401.59,2.2413223102752,4.16925619132608,0.03570247927872
2016-11-18,391.292,401.77,2.04892561638432,3.30049586221056,0.03570247927872
2016-11-19,393.941,402.16,2.16595040957568,4.81586776048512,0.0
2016-11-20,399.824,403.02,2.15801652529152,8.35438015122048,0.31338842922432
2016-11-21,404.668,403.72,2.24727272348832,7.090909078968,0.0
2016-11-22,408.075,404.21,2.60628098734656,6.03173552703264,0.01785123963936
2016-11-23,411.785,404.74,2.04099173210016,5.75008263494496,0.0
2016-11-24,415.871,405.32,2.27305784741184,6.3927272619619195,0.03371900820768
2016-11-25,419.623,405.85,2.52694214450496,6.29355370840992,0.013884297497279999
2016-11-26,424.624,406.55,2.12033057494176,7.1206611450335995,0.0
2016-11-27,431.758,407.54,2.34247933489824,9.48694213278432,0.0099173553552
2016-11-28,438.018,408.4,2.3900826406032,8.64991734080544,0.0
2016-11-29,442.411,409.0,2.41388429345568,6.81719007116448,0.0099173553552
2016-11-30,446.779,409.59,2.05090908745536,6.42842974124064,0.0099173553552
2016-12-01,450.563,410.1,2.1738842938598397,5.99801651882496,0.0396694214208
2016-12-02,453.78,410.53,2.45355371487648,5.74611569280288,0.07537190069952
2016-12-03,456.847,410.94,2.47735536772896,5.5695867674803194,0.02578512392352
2016-12-04,460.016,411.36,2.3365289216851197,5.52198346177536,0.01586776856832
2016-12-05,462.056,411.63,2.79272726802432,4.84760329762176,0.01586776856832
2016-12-06,463.794,411.86,3.0842975154672,4.8376859422665595,0.01586776856832
2016-12-07,465.997,412.15,3.04264462297536,5.26214875146912,0.01586776856832
2016-12-08,468.973,412.54,2.628099169128,5.603305775688,0.0
2016-12-09,474.795,413.3,2.54677685521536,8.36826444871776,0.0
2016-12-10,543.692,421.9,2.5487603262864,71.4446279788608,0.0
2016-12-11,599.46,428.4,3.48892561395936,59.31966932159328,0.06347107427328
2016-12-12,616.967,430.37,6.3768594933936,23.89487599281888,0.01190082642624
2016-12-13,625.236,431.29,10.329917337976319,18.59900823314208,0.0
2016-12-14,619.747,430.68,20.95735533660864,15.469090883040959,0.0
2016-12-15,593.655,427.74,50.737189997203195,24.644628057671998,0.0
2016-12-16,615.264,430.18,63.50479328148768,85.11867754261056,0.00595041321312
2016-12-17,590.942,427.43,59.94644618004192,35.65487597301504,0.0297520660656
2016-12-18,555.017,423.25,59.88297510576864,23.9801652488736,0.02181818178144
2016-12-19,520.323,419.06,53.26214867063712,18.5851239356448,0.01586776856832
2016-12-20,490.795,415.36,45.37785116325312,15.86578509724896,0.01586776856832
2016-12-21,468.591,412.49,35.521983411255356,13.3289255973888,0.0099173553552
2016-12-22,452.284,410.33,29.214545405348158,12.924297498896639,0.01586776856832
2016-12-23,439.409,408.59,23.82942144747456,10.95471072535392,0.0
2016-12-24,429.513,407.23,20.79074376664128,10.899173535364799,0.00396694214208
2016-12-25,420.543,405.98,18.09123963895584,9.13586775321024,0.013884297497279999
2016-12-26,415.021,405.2,15.41752063519392,9.915371884128959,0.0198347107104
2016-12-27,409.475,404.41,14.39404956253728,8.866115687548799,0.01785123963936
2016-12-28,406.051,403.92,12.86876030890752,9.46314047993184,0.01785123963936
2016-12-29,404.737,403.73,10.41719006510208,9.118016513570879,0.013884297497279999
2016-12-30,402.177,403.36,10.75239667610784,8.20958676303456,0.01785123963936
2016-12-31,400.101,403.06,10.59371899042464,8.52099172118784,0.00396694214208
2017-01-01,398.113,402.77,9.223140480336,7.2495867646512,0.013884297497279999
2017-01-02,397.839,402.73,8.467438002269759,8.19371899446624,0.0
2017-01-03,400.516,403.12,7.39239668176608,10.07008262767008,0.0
2017-01-04,431.178,407.46,7.0115702361264,37.67404952333376,0.0
2017-01-05,461.754,411.59,17.96231401933824,48.54743793477504,0.0099173553552
2017-01-06,460.696,411.45,30.80528920432224,29.76396689202624,0.01586776856832
2017-01-07,439.922,408.66,48.801322231868156,28.02842970486624,0.0
2017-01-08,502.403,416.83,59.908760229692156,122.38809896745215,0.0
2017-01-09,620.912,430.81,67.49355360534912,185.999999686776,0.0
2017-01-10,674.002,436.59,91.28132216033184,144.37090884778848,0.0
2017-01-11,707.516,440.12,114.66842955896448,148.1811567752563,0.0
2017-01-12,669.69,436.13,108.2776857680736,70.47074368298016,0.01785123963936
2017-01-13,626.23,431.4,89.89289241060384,46.450909012685756,0.01785123963936
2017-01-14,594.005,427.78,68.181818067,35.968264402239356,0.01190082642624
2017-01-15,560.599,423.91,64.11966931351007,30.72595036148064,0.01190082642624
2017-01-16,523.421,419.44,63.619834603608,26.457520616602558,0.01586776856832
2017-01-17,484.0,414.49,63.35801642223072,23.94842971173696,0.0099173553552
2017-01-18,446.705,409.58,63.114049480492795,25.81884293172768,0.0
2017-01-19,418.278,405.66,62.79867758019744,34.37157019005216,0.0
2017-01-20,396.54,402.54,63.5404957607664,41.80363629323904,0.0
2017-01-21,384.552,400.77,49.83074371773792,37.85256191972736,0.0099173553552
2017-01-22,385.02,400.84,36.3768594428736,36.84495861563904,0.0
2017-01-23,395.377,402.37,29.75404953667104,40.11173546964192,0.0
2017-01-24,401.139,403.21,25.6661156592576,31.441983418126078,0.013884297497279999
2017-01-25,404.598,403.71,21.237024757625278,24.71999995837152,0.02380165285248
2017-01-26,406.745,404.02,18.39272724175392,20.56661153561376,0.027768594994559997
2017-01-27,408.215,404.23,16.577851211752318,18.0793388125296,0.03173553713664
2017-01-28,408.565,404.28,16.41719005499808,16.7900826163536,0.02380165285248
2017-01-29,409.545,404.42,15.28462807343424,16.28826443538048,0.02380165285248
2017-01-30,407.515,404.13,15.50876030446176,13.493553696285119,0.013884297497279999
2017-01-31,408.425,404.26,12.924297498896639,13.85256196014336,0.01785123963936
2017-02-01,407.375,404.11,13.58082642341088,12.545454524328,0.013884297497279999
2017-02-02,406.815,404.03,15.062479313477759,14.50314047144448,0.0
2017-02-03,415.729,405.3,15.38578509805728,24.29950409131104,0.0
2017-02-04,436.407,408.18,25.09884293294016,45.79041314602944,0.013884297497279999
2017-02-05,440.141,408.69,32.58049581290304,36.31537183967136,0.0
2017-02-06,448.482,409.82,44.50115694985344,52.841652803576636,0.0
2017-02-07,554.848,423.23,61.73355361504896,168.09718979956895,0.0
2017-02-08,674.658,436.66,68.16595029843168,187.9735534024608,0.0
2017-02-09,732.913,442.74,138.68033034497472,196.93487570141951,0.0
2017-02-10,796.961,449.16,159.37388402913504,223.42016491301663,0.0
2017-02-11,752.485,444.73,157.18413196670687,112.70876014077696,0.0
2017-02-12,675.97,436.8,147.3123964461408,70.80396682291487,0.00595041321312
2017-02-13,616.25,430.29,112.02247915019711,52.3041321433248,0.0
2017-02-14,581.798,426.38,76.34578499540063,41.90082637572,0.00595041321312
2017-02-15,553.072,423.02,64.83768584122656,36.1190082036384,0.00595041321312
2017-02-16,523.584,419.46,64.08793377637343,34.59966936322176,0.0
2017-02-17,495.586,415.97,63.901487495695676,35.90479332796608,0.0
2017-02-18,466.989,412.28,65.40892550968607,36.813223078502396,0.0
2017-02-19,436.553,408.2,64.59570237055968,34.15933878545088,0.0
2017-02-20,449.667,409.98,62.98710733194624,76.10181805366271,0.0
2017-02-21,533.913,420.72,63.09024782764032,147.33421462792222,0.0
2017-02-22,554.172,423.15,63.901487495695676,84.18247919707967,0.02181818178144
2017-02-23,548.545,422.48,63.92925609069024,58.314049488575996,0.01190082642624
2017-02-24,529.139,420.14,64.77619823802432,45.369917278968956,0.0
2017-02-25,502.007,416.78,64.909090799784,37.783140432240955,0.00595041321312
2017-02-26,469.888,412.66,64.91107427085504,32.80264457285952,0.0099173553552
2017-02-27,434.148,407.87,65.801652781752,30.07140490803744,0.0099173553552
2017-02-28,404.391,403.68,55.999338748672315,26.25322309628544,0.0099173553552
2017-03-01,391.225,401.76,37.57090902763968,24.40462805807616,0.0
2017-03-02,383.55,400.62,29.946446230561918,22.30016525170272,0.027768594994559997
2017-03-03,379.544,400.02,25.271404916120638,21.272727236904,0.00793388428416
2017-03-04,376.967,399.63,23.010247895135038,20.44165285813824,0.00793388428416
2017-03-05,379.877,400.07,19.3190082319296,22.264462772424,0.03570247927872
2017-03-06,383.817,400.66,16.431074352495358,20.3702478995808,0.0
2017-03-07,384.018,400.69,15.41752063519392,15.631735510866239,0.013884297497279999
2017-03-08,384.485,400.76,14.380165265039999,14.868099148515839,0.02181818178144
2017-03-09,387.71,401.24,12.599008243246079,15.851900799751679,0.027768594994559997
2017-03-10,395.172,402.34,11.60528923665504,19.09487600090208,0.027768594994559997
2017-03-11,402.73,403.44,10.42115700724416,18.01586773825632,0.03768595034976
2017-03-12,408.985,404.34,11.24429750172576,17.53785121013568,0.03768595034976
2017-03-13,415.092,405.21,11.875041302316479,18.04363633325088,0.06148760320224
2017-03-14,421.759,406.15,11.98413221122368,18.708099142049278,0.057520661060159996
2017-03-15,429.513,407.23,11.256198328152,19.07305781912064,0.06347107427328
2017-03-16,439.043,408.54,11.139173534960639,20.70942145272864,0.0396694214208
2017-03-17,449.149,409.91,10.93685948571456,21.10611566693664,0.06347107427328
2017-03-18,459.563,411.3,11.14909089031584,21.611900790051838,0.049586776776
2017-03-19,470.575,412.75,11.0876032871136,22.14148756601952,0.041652892491839996
2017-03-20,481.511,414.17,10.980495849277439,21.9471074010576,0.03173553713664
2017-03-21,503.037,416.91,10.9190082460752,32.44561978007232,0.0
2017-03-22,536.964,421.09,10.76826444467616,44.69553711481536,0.0
2017-03-23,558.654,423.68,10.60958675899296,32.34446275544928,0.04561983463392
2017-03-24,574.799,425.57,12.03173551692864,28.17719003519424,0.0
2017-03-25,588.929,427.2,11.76396692233824,25.933884253848,0.0396694214208
2017-03-26,602.372,428.73,11.216528906731199,24.733884255868798,0.07537190069952
2017-03-27,609.38,429.52,17.74413220152384,24.77553714836064,0.02380165285248
2017-03-28,604.401,428.96,27.197355326100478,22.318016491342078,0.099173553552
2017-03-29,592.167,427.57,30.67636358470464,18.5057850928032,0.06347107427328
2017-03-30,589.192,427.23,25.77123962602272,22.93487599443552,0.1388429749728
2017-03-31,590.592,427.39,22.90115698622784,24.446280950568,0.14479338818592
2017-04-01,590.504,427.38,20.31471070959168,20.30280988316544,0.07537190069952
2017-04-02,591.029,427.44,19.63438013222496,20.269090874957758,0.1090909089072
2017-04-03,593.917,427.77,18.95603302592928,21.97090905391008,0.12694214854656
2017-04-04,597.254,428.15,18.162644597513278,21.58611566612832,0.08727272712576
2017-04-05,599.724,428.43,17.79570244937088,20.3404958335152,0.07537190069952
2017-04-06,602.283,428.72,18.76958674525152,21.40363632759264,0.07537190069952
2017-04-07,618.581,430.55,17.879008234354558,34.17719002509024,0.0
2017-04-08,647.541,433.74,17.90677682934912,46.865454466533116,0.0
2017-04-09,660.096,435.1,18.382809886398718,31.00561978249728,0.06743801641536
2017-04-10,667.821,435.93,18.49388426637696,26.31272722841664,0.09322314033888
2017-04-11,672.784,436.46,19.44198343833408,24.46016524806528,0.055537189989119995
2017-04-12,672.877,436.47,20.78280988235712,20.89983467554848,0.02380165285248
2017-04-13,689.375,438.22,21.96297516962592,38.46148753853664,0.0
2017-04-14,702.436,439.59,22.034380128183358,35.20859498203104,0.11305785104928
2017-04-15,710.792,440.46,20.91371897304576,29.345454496036798,0.07537190069952
2017-04-16,716.965,441.1,21.37983467474016,27.55239664781664,0.0
2017-04-17,725.11,441.94,21.72297517003008,29.88694209843072,0.0198347107104
2017-04-18,747.84,444.26,22.07206607853312,44.88793380870624,0.08528925605472
2017-04-19,760.225,445.51,26.67570243441696,39.16561976875584,0.10512396676512
2017-04-20,762.612,445.75,30.61884292364448,33.11008258887072,0.10512396676512
2017-04-21,762.512,445.74,29.82942143737056,29.83537185058368,0.10512396676512
2017-04-22,759.927,445.48,30.98380160071584,28.50446276191584,0.10512396676512
2017-04-23,754.955,444.98,31.3487602777872,26.49322309588128,0.11702479319136
2017-04-24,750.409,444.52,31.126611517830717,26.65190078156448,0.07140495855744
2017-04-25,744.484,443.92,30.93619829501088,25.10280987508224,0.09123966926784
2017-04-26,739.673,443.43,31.166280939251518,26.38611565804512,0.03173553713664
2017-04-27,738.2,443.28,30.79735532003808,29.426776809949438,0.10314049569408
2017-04-28,735.45,443.0,30.59900821293408,28.05024788664768,0.20033057817504
2017-04-29,730.473,442.49,31.069090856770558,26.22743797236192,0.13487603283072
2017-04-30,723.656,441.79,31.40033052563424,24.718016487300478,0.13487603283072
2017-05-01,718.613,441.27,30.99966936928416,26.15008260059136,0.19239669389088
2017-05-02,713.297,440.72,30.83504127038784,25.68396689889696,0.16462809889632
2017-05-03,710.503,440.43,30.74975201433312,28.06214871307392,0.10710743783616
2017-05-04,711.467,440.53,30.69024788220192,31.832727219120958,0.1785123963936
2017-05-05,717.353,441.14,30.42247928761152,36.4661156410704,0.1586776856832
2017-05-06,730.376,442.48,26.45553714553152,39.59404952010048,0.11504132212031999
2017-05-07,740.065,443.47,23.03999996120064,32.85223134963552,0.12297520640448
2017-05-08,748.531,444.33,21.9272726903472,30.52958672544768,0.13685950390176
2017-05-09,759.032,445.39,19.33289252942688,30.003966891622078,0.17057851210944
2017-05-10,765.298,446.02,19.57487600009376,26.011239625618558,0.17057851210944
2017-05-11,774.809,446.97,18.22413220071552,27.873718961325118,0.1388429749728
2017-05-12,787.62,448.24,17.76595038330528,30.743801601119998,0.16661156996735998
2017-05-13,799.003,449.36,17.75008261473696,29.287933834976638,0.15471074354112
2017-05-14,806.459,450.09,18.23206608499968,25.83669417136704,0.14876033032799998
2017-05-15,812.519,450.68,18.8727272409456,25.08694210651392,0.15471074354112
2017-05-16,816.838,451.1,18.35900823354624,22.73851235840256,0.06148760320224
2017-05-17,819.834,451.39,19.27537186836672,22.399338805254718,0.1289256196176
2017-05-18,821.384,451.54,19.7752065782688,21.51471070757088,0.19041322281984
2017-05-19,821.384,451.54,20.090578478564158,20.261156990673598,0.17057851210944
2017-05-20,822.417,451.64,19.90016525574432,21.11008260907872,0.17652892532255998
2017-05-21,825.0,451.89,20.12826442891392,22.920991696938238,0.21024793353024
2017-05-22,830.19,452.39,20.1619834371216,25.55107433713728,0.198347107104
2017-05-23,837.574,453.1,20.25520657746048,27.86578507704096,0.22611570209856
2017-05-24,846.145,453.92,19.97950409858592,28.7900825961456,0.23999999959583998
2017-05-25,858.975,455.14,17.51603302835424,30.48991730402688,0.14479338818592
2017-05-26,871.894,456.36,16.88727269883456,29.94446275949088,0.1388429749728
2017-05-27,885.216,457.61,14.32859501719296,27.78247929205728,0.13289256175968
2017-05-28,899.053,458.9,14.15008262079936,28.149421440199678,0.16264462782528
2017-05-29,912.122,460.11,14.17388427365184,27.421487557128,0.1785123963936
2017-05-30,924.297,461.23,13.45983468807744,25.806942105301438,0.17256198318048
2017-05-31,936.873,462.38,12.62677683824064,25.3090908664704,0.10710743783616
2017-06-01,945.773,463.19,13.761322290875519,22.84165285409664,0.18049586746464
2017-06-02,952.063,463.76,14.887933859226239,21.36595037724288,0.1884297517488
2017-06-03,951.29,463.69,21.768595004664,21.1537189726416,0.1586776856832
2017-06-04,947.208,463.32,25.3289255771808,21.471074344008,0.22413223102752
2017-06-05,943.677,463.0,25.29719004004416,21.95504128534176,0.1884297517488
2017-06-06,938.19,462.5,26.38611565804512,21.123966906575998,0.22413223102752
2017-06-07,932.156,461.95,25.27338838719168,19.46181814904448,0.22214875995647998
2017-06-08,928.117,461.58,22.94280987871968,19.04727269519712,0.14280991711488
2017-06-09,927.462,461.52,20.95735533660864,20.41785120528576,0.11504132212031999
2017-06-10,927.462,461.52,17.73421484616864,17.91272724256224,0.1785123963936
2017-06-11,927.462,461.52,15.41553716412288,15.57421484980608,0.1586776856832
2017-06-12,925.17,461.31,14.52495865322592,12.33917353293984,0.10710743783616
2017-06-13,922.878,461.1,15.669421461216,13.5272727044928,0.15074380139904
2017-06-14,920.592,460.89,15.465123940898879,13.37057848988064,0.19239669389088
2017-06-15,918.311,460.68,13.03933882101696,10.980495849277439,0.22214875995647998
2017-06-16,916.14,460.48,13.54512394413216,11.60925617879712,0.23603305745376
2017-06-17,914.511,460.33,13.53322311770592,12.18247931832768,0.2776859499456
2017-06-18,914.728,460.35,13.45586774593536,13.908099150132479,0.23603305745376
2017-06-19,927.331,460.5,13.76330576194656,4.02049586099808,0.27173553673247997
2017-06-20,927.375,460.82,11.716363616633279,15.45520658554368,0.26380165244832
2017-06-21,927.418,461.12,12.285619814021759,15.80033055190464,0.24991735495104
2017-06-22,927.462,461.52,10.61553717220608,15.282644602363199,0.30148760279808
2017-06-23,933.141,462.04,9.33024791817216,15.30446278414464,0.29553718958496
2017-06-24,939.507,462.62,8.80264461327552,15.41950410626496,0.25190082602207997
2017-06-25,944.449,463.07,8.97917353859808,14.217520637214719,0.29553718958496
2017-06-26,948.091,463.4,8.94148758824832,12.88066113533376,0.29752066065599997
2017-06-27,950.739,463.64,8.9454545303904,11.81752064125632,0.22413223102752
2017-06-28,952.284,463.78,8.35239668014944,10.085950396238399,0.1884297517488
2017-06-29,953.828,463.92,8.81256196863072,10.59570246149568,0.23999999959583998
2017-06-30,953.387,463.88,9.28859502568032,9.07239667893696,0.22413223102752
2017-07-01,953.497,463.89,8.99107436502432,9.31834709174592,0.2181818178144
2017-07-02,953.608,463.9,8.88793386933024,9.21719006712288,0.2181818178144
2017-07-03,954.601,463.99,7.6938842845641595,8.92760329075104,0.23999999959583998
2017-07-04,955.266,464.05,8.15404957304544,9.08033056322112,0.26181818137727997
2017-07-05,955.931,464.11,7.83867767275008,8.73520659686016,0.23206611531168
2017-07-06,956.042,464.12,7.87041320988672,8.25719006873952,0.27570247887456
2017-07-07,954.601,463.99,8.27305783730784,7.14446279788608,0.31140495815328
2017-07-08,953.939,463.93,7.785123953832,7.41223139247648,0.28958677637184
2017-07-09,951.953,463.75,7.8644627966736,6.1685950309344,0.28958677637184
2017-07-10,949.966,463.57,7.88826444952608,6.1685950309344,0.2677685945904
2017-07-11,947.429,463.34,8.10644626734048,5.851239659568,0.28165289208768
2017-07-12,945.222,463.14,7.98942147414912,6.00595040310912,0.22413223102752
2017-07-13,942.58,462.9,8.26710742409472,5.86314048599424,0.2380165285248
2017-07-14,938.738,462.55,8.142148746619199,4.52429751304224,0.22413223102752
2017-07-15,937.092,462.4,7.50347106174432,6.10314048559008,0.24595041280896
2017-07-16,934.458,462.16,8.60628097724256,6.17454544414752,0.20231404924607999
2017-07-17,931.829,461.92,7.40231403712128,5.02611569401536,0.25190082602207997
2017-07-18,927.462,461.52,8.71338841507872,4.60363635588384,0.2578512392352
2017-07-19,924.297,461.23,7.32694213642176,4.3557024720038395,0.19438016496191998
2017-07-20,920.809,460.91,7.97752064772288,4.6809917276543995,0.19239669389088
2017-07-21,917.66,460.62,7.848595028105279,4.91305784296608,0.21421487567232
2017-07-22,914.728,460.35,8.25322312659744,5.5140495774912,0.19239669389088
2017-07-23,912.557,460.15,7.95570246594144,6.0396694113168,0.25586776816416
2017-07-24,909.416,459.86,8.0132231270016,5.12132230542528,0.24991735495104
2017-07-25,905.636,459.51,7.8148760198976,4.26247933166496,0.2280991731696
2017-07-26,901.423,459.12,8.30677684551552,4.31999999272512,0.22611570209856
2017-07-27,897.119,458.72,8.3900826304992,4.32595040593824,0.23999999959583998
2017-07-28,893.896,458.42,7.5768594913728,4.6016528848127995,0.24793388387999998
2017-07-29,890.458,458.1,8.27900825052096,5.0816528840044795,0.23999999959583998
2017-07-30,886.819,457.76,7.90809916023648,4.50049586018976,0.23206611531168
2017-07-31,883.079,457.41,8.6380165143792,5.14314048720672,0.24595041280896
2017-08-01,879.552,457.08,7.9636363502256,4.66909090122816,0.23206611531168
2017-08-02,877.847,456.92,7.7157024663456,6.3034710637651195,0.29355371851392
2017-08-03,875.083,456.66,8.24727271338432,5.7719008167264,0.28760330530079997
2017-08-04,871.682,456.34,7.8604958545315196,4.71074379372,0.25190082602207997
2017-08-05,867.434,455.94,8.1520661019744,4.09785123276864,0.19438016496191998
2017-08-06,863.416,455.56,8.18578511018208,4.36165288521696,0.19438016496191998
2017-08-07,859.504,455.19,7.83272725953696,4.14347106740256,0.22214875995647998
2017-08-08,855.602,454.82,8.2214875894608,4.52826445518432,0.2082644624592
2017-08-09,851.923,454.47,7.98545453200704,4.49851238911872,0.19239669389088
2017-08-10,848.243,454.12,8.0033057716464,4.49652891804768,0.17256198318048
2017-08-11,844.577,453.77,8.134214862335039,4.661157016944,0.19239669389088
2017-08-12,841.546,453.48,7.57487602030176,4.7642975126380795,0.22016528888543999
2017-08-13,837.679,453.11,7.73157023491392,4.08991734848448,0.22611570209856
2017-08-14,832.892,452.65,7.9735537055808,3.371900820768,0.18446280960671999
2017-08-15,828.423,452.22,7.636363623504,3.33818181256032,0.17057851210944
2017-08-16,824.174,451.81,7.51140494602848,3.42545453968608,0.16264462782528
2017-08-17,820.144,451.42,8.15999998625856,4.31999999272512,0.19041322281984
2017-08-18,816.528,451.07,7.7771900695478395,4.3517355298617595,0.19041322281984
2017-08-19,813.443,450.77,7.74743800348224,4.8456198265507195,0.18247933853568
2017-08-20,810.67,450.5,7.62247932600672,5.02413222294432,0.17454545425152
2017-08-21,807.384,450.18,7.42611568997376,4.28033057130432,0.14082644604384
2017-08-22,803.902,449.84,7.91801651559168,4.58578511624448,0.14876033032799998
2017-08-23,801.758,449.63,7.5312396567388795,5.58942147819072,0.20231404924607999
2017-08-24,798.798,449.34,7.91008263130752,5.13917354506464,0.1884297517488
2017-08-25,795.838,449.05,7.31107436785344,4.52628098411328,0.17454545425152
2017-08-26,793.807,448.85,7.50148759067328,5.650909081392959,0.18049586746464
2017-08-27,791.373,448.61,7.6899173424220795,5.48231404035456,0.22611570209856
2017-08-28,788.127,448.29,8.03702477985408,5.01619833866016,0.22611570209856
2017-08-29,784.884,447.97,7.82082643311072,4.79801652084576,0.22016528888543999
2017-08-30,781.357,447.62,7.49553717746016,4.16132230704192,0.19239669389088
2017-08-31,777.729,447.26,7.4280991610448,4.01851238992704,0.2181818178144
2017-09-01,773.707,446.86,8.18975205232416,4.41123966199296,0.24396694173792
2017-09-02,770.304,446.52,7.9537189948704,4.7801652812064,0.23008264424063998
2017-09-03,767.0,446.19,7.77917354061888,4.6710743722992,0.19636363603296
2017-09-04,763.507,445.84,7.22380164072768,3.9074380099488,0.17652892532255998
2017-09-05,759.032,445.39,7.79305783811616,3.4353718950412797,0.11702479319136
2017-09-06,755.153,445.0,6.98380164113184,3.28066115150016,0.17652892532255998
2017-09-07,751.101,444.59,8.0628099037776,4.14148759633152,0.13090909068863998
2017-09-08,747.938,444.27,7.55305783852032,4.5123966866159995,0.12297520640448
2017-09-09,744.288,443.9,7.75140494562432,4.25057850523872,0.14876033032799998
2017-09-10,740.753,443.54,7.600661144225279,4.2545454473808,0.1884297517488
2017-09-11,736.628,443.12,8.048925606280319,4.12363635669216,0.20033057817504
2017-09-12,733.401,442.79,7.4776859378208,4.4429751991296,0.19239669389088
2017-09-13,730.473,442.49,7.14446279788608,4.37752065378528,0.16066115675424
2017-09-14,727.058,442.14,7.15636362431232,3.82413222496512,0.08330578498367999
2017-09-15,723.171,441.74,7.537190069952,3.7388429689104,0.0892561981968
2017-09-16,719.292,441.34,7.65421486314336,3.8836363570963197,0.1090909089072
2017-09-17,715.321,440.93,7.46380164032352,3.63371900214528,0.14082644604384
2017-09-18,710.696,440.45,7.6760330449248,3.1894214822323197,0.1388429749728
2017-09-19,706.553,440.02,7.66809916064064,3.669421481424,0.14479338818592
2017-09-20,702.532,439.6,7.4677685824656,3.5543801593036797,0.10710743783616
2017-09-21,701.096,439.45,4.65719007480192,3.32826445720512,0.10710743783616
2017-09-22,696.219,438.94,7.99537188736224,3.2429752011504,0.12495867747552
2017-09-23,692.132,438.51,7.5272727145967995,3.54842974609056,0.10710743783616
2017-09-24,687.759,438.05,7.56297519387552,3.32628098613408,0.13685950390176
2017-09-25,683.036,437.55,7.56892560708864,2.97123966441792,0.12495867747552
2017-09-26,679.072,437.13,8.06876031699072,4.23074379452832,0.12495867747552
2017-09-27,675.689,436.77,7.196033045733119,3.9669421420799997,0.15471074354112
2017-09-28,671.753,436.35,7.38446279748192,3.5980165228665597,0.14876033032799998
2017-09-29,668.379,435.99,7.41223139247648,4.16132230704192,0.12297520640448
2017-09-30,663.819,435.5,7.6085950285094395,3.17157024259296,0.12297520640448
2017-10-01,659.165,435.0,7.2694214753616,2.7867768548111997,0.17057851210944
2017-10-02,653.806,434.42,7.64826444993024,2.44760330166336,0.1586776856832
2017-10-03,648.641,433.86,6.70214874904416,1.66413222860256,0.12694214854656
2017-10-04,643.414,433.29,6.69619833583104,1.59074379897408,0.12099173533344
2017-10-05,637.75,432.67,6.68628098047584,1.16628098977152,0.14479338818592
2017-10-06,633.836,432.24,5.8214875935023995,2.0152066081766398,0.10710743783616
2017-10-07,629.844,431.8,5.972231394901439,2.08661156673408,0.10710743783616
2017-10-08,625.688,431.34,6.12495866737152,2.1361983435100798,0.16661156996735998
2017-10-09,621.899,430.92,5.77388428779744,2.09851239316032,0.11305785104928
2017-10-10,617.685,430.45,6.04760329560096,1.95768594711648,0.12495867747552
2017-10-11,613.919,430.03,5.29983470181888,1.64033057575008,0.10710743783616
2017-10-12,609.914,429.58,5.6231404863984,1.7176859475206399,0.099173553552
2017-10-13,607.245,429.28,5.3851239578736,2.82049586301888,0.10512396676512
2017-10-14,605.288,429.06,4.61553718231008,2.76892561517184,0.11107437997823999
2017-10-15,603.519,428.86,4.83173552905344,3.16165288723776,0.099173553552
2017-10-16,601.842,428.67,4.39735536449568,2.8264462762319997,0.10512396676512
2017-10-17,599.283,428.38,5.38314048680256,2.91768594549984,0.09322314033888
2017-10-18,596.371,428.05,4.71669420693312,1.9041322281984,0.099173553552
2017-10-19,592.692,427.63,4.63338842194944,1.02942148586976,0.07537190069952
2017-10-20,589.717,427.29,4.87338842154528,1.9041322281984,0.00595041321312
2017-10-21,587.529,427.04,4.55404957910784,2.429752062024,0.06347107427328
2017-10-22,585.27,426.78,5.0380165204416,2.86016528443968,0.08132231391264
2017-10-23,583.36,426.56,4.3497520587907195,2.49123966522624,0.05157024784704
2017-10-24,580.062,426.18,4.8416528844086395,1.6066115675424,0.06347107427328
2017-10-25,576.865,425.81,4.835702471195519,1.72363636073376,0.08528925605472
2017-10-26,573.25,425.39,5.107438007928,1.57090908826368,0.0793388428416
2017-10-27,569.808,424.99,5.02413222294432,1.66214875753152,0.0793388428416
2017-10-28,566.48,424.6,5.05190081793888,1.8148760300016,0.09123966926784
2017-10-29,563.323,424.23,4.96462809081312,1.8644628067776,0.057520661060159996
2017-10-30,559.922,423.83,4.859504124048,1.51933884041664,0.06148760320224
2017-10-31,556.962,423.48,4.05223139813472,1.13851239477696,0.04561983463392
2017-11-01,552.735,422.98,5.30975205717408,1.1285950394217599,0.04561983463392
2017-11-02,549.215,422.56,4.76628098370912,1.2793388408208,0.03371900820768
2017-11-03,545.863,422.16,4.55999999232096,1.2515702458262399,0.04363636356288
2017-11-04,543.442,421.87,4.44099172805856,2.01917355031872,0.0
2017-11-05,541.2,421.6,4.1930578441785595,1.95173553390336,0.0
2017-11-06,538.792,421.31,4.49851238911872,2.1342148724390397,0.04363636356288
2017-11-07,535.559,420.92,4.63338842194944,1.44396693971712,0.04363636356288
2017-11-08,532.184,420.51,4.7583470994249595,1.41024793150944,0.027768594994559997
2017-11-09,528.892,420.11,5.5695867674803194,2.27702478955392,0.0
2017-11-10,528.316,420.04,4.55999999232096,3.99074379493248,0.00595041321312
2017-11-11,528.152,420.02,4.5996694137417595,4.46280990984,0.027768594994559997
2017-11-12,527.009,419.88,4.66710743015712,3.55239668823264,0.027768594994559997
2017-11-13,525.949,419.75,4.754380157282879,3.69520660534752,0.0
2017-11-14,525.133,419.65,4.3239669348672,3.53652891966432,0.027768594994559997
2017-11-15,525.215,419.66,3.8776859438832,3.95900825779584,0.0
2017-11-16,544.439,421.99,3.81024792746784,23.0776859115504,0.04363636356288
2017-11-17,564.603,424.38,4.25256197630976,24.416528884502398,0.0
2017-11-18,571.012,425.13,3.87570247281216,10.30611568512384,0.02181818178144
2017-11-19,573.594,425.43,4.40727271985088,7.01752064933952,0.027768594994559997
2017-11-20,575.315,425.63,4.55603305017888,6.28363635305472,0.00595041321312
2017-11-21,578.674,426.02,4.20694214167584,7.5768594913728,0.01190082642624
2017-11-22,581.972,426.4,4.28033057130432,7.596694202083199,0.01785123963936
2017-11-23,583.707,426.6,5.1669421400591995,6.91438015364544,0.01190082642624
2017-11-24,586.485,426.92,3.90347106780672,6.706115691186239,0.02380165285248
2017-11-25,588.054,427.1,4.32198346379616,5.90876032062816,0.01785123963936
2017-11-26,590.854,427.42,4.53024792625536,7.33090907856384,0.0
2017-11-27,601.048,428.58,4.3477685877196794,14.54082642179424,0.0
2017-11-28,607.423,429.3,4.809917347272,11.220495848873279,0.03570247927872
2017-11-29,612.671,429.89,3.98082643957728,9.2528925464016,0.02380165285248
2017-11-30,614.816,430.13,5.42280990822336,7.59074378887008,0.02380165285248
2017-12-01,615.892,430.25,6.1467768491529595,7.24561982250912,0.02380165285248
2017-12-02,615.443,430.2,7.39041321069504,6.9599999882793595,0.01785123963936
2017-12-03,615.264,430.18,7.13454544253088,7.00363635184224,0.04760330570496
2017-12-04,613.472,429.98,7.4280991610448,5.72033056887936,0.08330578498367999
2017-12-05,612.227,429.84,7.3289256074928,6.12495866737152,0.041652892491839996
2017-12-06,610.714,429.67,7.5312396567388795,6.04760329560096,0.0297520660656
2017-12-07,609.291,429.51,7.50347106174432,6.10512395666112,0.02380165285248
2017-12-08,608.579,429.43,6.99570246755808,6.31338841912032,0.0297520660656
2017-12-09,607.156,429.27,7.21586775644352,5.8175206513603195,0.02380165285248
2017-12-10,605.555,429.09,7.10479337646528,5.52793387498848,0.02380165285248
2017-12-11,603.519,428.86,7.56495866494656,5.553718998912,0.02380165285248
2017-12-12,601.577,428.64,7.79702478025824,5.88495866777568,0.0297520660656
2017-12-13,599.548,428.41,7.26545453321952,5.2661156936112,0.0297520660656
2017-12-14,597.871,428.22,6.99570246755808,5.33752065216864,0.01785123963936
2017-12-15,595.142,427.91,7.25553717786432,4.53818181053952,0.01190082642624
2017-12-16,592.342,427.59,7.33487602070592,4.63933883516256,0.10512396676512
2017-12-17,589.367,427.25,7.83867767275008,4.90314048761088,0.0396694214208
2017-12-18,587.442,427.03,6.85685949258528,4.96462809081312,0.03371900820768
2017-12-19,585.617,426.82,6.9560330461372795,5.14314048720672,0.01190082642624
2017-12-20,583.36,426.56,7.3646280867715195,5.107438007928,0.0
2017-12-21,580.062,426.18,7.4181818056896,4.33785123236448,0.2181818178144
2017-12-22,576.606,425.78,7.07305783932864,3.6813223078502397,0.06347107427328
2017-12-23,573.508,425.42,7.09685949218112,3.99867767921664,0.0
2017-12-24,570.582,425.08,6.59702478227904,3.6773553657081597,0.00595041321312
2017-12-25,566.992,424.66,6.92033056685856,3.33024792827616,0.0
2017-12-26,563.749,424.28,7.42611568997376,4.1950413152496,0.01190082642624
2017-12-27,560.599,423.91,7.01752064933952,3.88958677030944,0.02181818178144
2017-12-28,556.878,423.47,7.08495866575488,3.3818181761232,0.01785123963936
2017-12-29,552.819,422.99,7.21190081430144,3.16958677152192,0.01586776856832
2017-12-30,548.629,422.49,7.47570246674976,3.30842974649472,0.02181818178144
2017-12-31,545.109,422.07,6.34115701411488,2.84231404480032,0.02181818178144
2018-01-01,540.702,421.54,7.26148759107744,2.876033053008,0.02181818178144
2018-01-02,538.293,421.25,5.77388428779744,3.38578511826528,0.02181818178144
2018-01-03,537.131,421.11,4.55801652124992,3.3957024736204797,0.0
2018-01-04,536.3,421.01,5.22446280111936,4.41520660413504,0.02181818178144
2018-01-05,535.641,420.93,3.8062809853257598,3.14776858974048,0.0
2018-01-06,536.549,421.04,4.61752065338112,5.52595040391744,0.0
2018-01-07,539.29,421.37,3.3818181761232,6.134876022726719,0.01190082642624
2018-01-08,541.532,421.64,4.6214875955232,6.8628099057984,0.0
2018-01-09,560.514,423.9,2.3781818141769597,21.35999996402976,0.0
2018-01-10,569.381,424.94,6.23603304734976,15.119999974537919,0.01785123963936
2018-01-11,574.283,425.51,5.69652891602688,10.60363634577984,0.00595041321312
2018-01-12,576.09,425.72,5.9781818081145595,7.80892560668448,0.02380165285248
2018-01-13,577.725,425.91,5.52595040391744,7.17223139288064,0.01190082642624
2018-01-14,578.156,425.96,5.5140495774912,5.95636362633312,0.01190082642624
2018-01-15,577.123,425.84,6.198347097,5.1709090822012795,0.00595041321312
2018-01-16,,,,,
